sample_index,outcome,running_mean,theoretical_expectation
0,0,0.0,2.0
10,3,2.272727272727273,2.0
20,1,2.1904761904761907,2.0
30,2,2.096774193548387,2.0
40,2,2.073170731707317,2.0
50,3,2.0392156862745097,2.0
60,3,2.0491803278688523,2.0
70,3,2.0704225352112675,2.0
80,0,2.0123456790123457,2.0
90,0,1.945054945054945,2.0
100,3,1.9306930693069306,2.0
110,3,1.936936936936937,2.0
120,3,1.8925619834710743,2.0
130,3,1.8854961832061068,2.0
140,2,1.9148936170212767,2.0
150,3,1.9403973509933774,2.0
160,1,1.9254658385093169,2.0
170,2,1.9064327485380117,2.0
180,1,1.9281767955801106,2.0
190,0,1.942408376963351,2.0
200,2,1.9651741293532339,2.0
210,3,1.966824644549763,2.0
220,2,1.9638009049773755,2.0
230,3,1.948051948051948,2.0
240,3,1.946058091286307,2.0
250,3,1.9442231075697212,2.0
260,3,1.9540229885057472,2.0
270,3,1.966789667896679,2.0
280,2,1.9822064056939501,2.0
290,3,2.013745704467354,2.0
300,0,2.0332225913621262,2.0
310,3,2.0385852090032155,2.0
320,3,2.043613707165109,2.0
330,2,2.0362537764350455,2.0
340,2,2.035190615835777,2.0
350,3,2.03988603988604,2.0
360,0,2.038781163434903,2.0
370,3,2.0404312668463613,2.0
380,2,2.05249343832021,2.0
390,2,2.051150895140665,2.0
400,2,2.0498753117206983,2.0
410,3,2.0559610705596105,2.0
420,3,2.0593824228028503,2.0
430,2,2.0603248259860787,2.0
440,3,2.058956916099773,2.0
450,3,2.0687361419068737,2.0
460,1,2.062906724511931,2.0
470,3,2.059447983014862,2.0
480,1,2.056133056133056,2.0
490,2,2.054989816700611,2.0
500,2,2.0558882235528944,2.0
510,3,2.0587084148727985,2.0
520,3,2.0518234165067177,2.0
530,3,2.0508474576271185,2.0
540,3,2.048059149722736,2.0
550,0,2.0326678765880217,2.0
560,3,2.021390374331551,2.0
570,1,2.0140105078809105,2.0
580,1,2.010327022375215,2.0
590,3,2.011844331641286,2.0
600,3,2.0149750415973378,2.0
610,3,2.0196399345335516,2.0
620,1,2.0144927536231885,2.0
630,3,2.022187004754358,2.0
640,2,2.0187207488299532,2.0
650,1,2.0153609831029184,2.0
660,2,2.018154311649017,2.0
670,0,2.0119225037257826,2.0
680,3,2.013215859030837,2.0
690,1,2.020260492040521,2.0
700,3,2.021398002853067,2.0
710,3,2.026722925457103,2.0
720,2,2.027739251040222,2.0
730,2,2.028727770177839,2.0
740,2,2.0337381916329287,2.0
750,2,2.034620505992011,2.0
760,2,2.035479632063075,2.0
770,3,2.035019455252918,2.0
780,3,2.0371318822023046,2.0
790,3,2.0366624525916563,2.0
800,2,2.0387016229712858,2.0
810,2,2.036991368680641,2.0
820,1,2.0377588306942753,2.0
830,2,2.033694344163658,2.0
840,1,2.0249702734839476,2.0
850,2,2.0235017626321974,2.0
860,3,2.0290360046457607,2.0
870,3,2.028702640642939,2.0
880,1,2.028376844494892,2.0
890,3,2.0303030303030303,2.0
900,1,2.0310765815760266,2.0
910,1,2.027442371020856,2.0
920,2,2.0271444082519,2.0
930,1,2.029001074113856,2.0
940,2,2.0297555791710944,2.0
950,0,2.0252365930599368,2.0
960,0,2.0228928199791882,2.0
970,3,2.024716786817714,2.0
980,2,2.0316004077471965,2.0
990,2,2.029263370332997,2.0
1000,2,2.030969030969031,2.0
1010,2,2.030662710187933,2.0
1020,3,2.0333006856023506,2.0
1030,2,2.035887487875849,2.0
1040,3,2.0403458213256482,2.0
1050,2,2.0361560418648907,2.0
1060,2,2.0367577756833177,2.0
1070,2,2.033613445378151,2.0
1080,1,2.0314523589269196,2.0
1090,3,2.0293308890925754,2.0
1100,2,2.024523160762943,2.0
1110,3,2.027002700270027,2.0
1120,3,2.0285459411239963,2.0
1130,1,2.0274093722369586,2.0
1140,3,2.025416301489921,2.0
1150,1,2.0278019113814074,2.0
1160,3,2.030146425495263,2.0
1170,3,2.0298889837745517,2.0
1180,3,2.032176121930567,2.0
1190,2,2.033585222502099,2.0
1200,1,2.0341382181515404,2.0
1210,1,2.033030553261767,2.0
1220,2,2.0327600327600326,2.0
1230,2,2.0308692120227456,2.0
1240,3,2.0354552780016117,2.0
1250,3,2.035971223021583,2.0
1260,2,2.0396510705789055,2.0
1270,3,2.037765538945712,2.0
1280,2,2.039032006245121,2.0
1290,3,2.0402788536018592,2.0
1300,1,2.037663335895465,2.0
1310,1,2.0350877192982457,2.0
1320,3,2.0340651021953065,2.0
1330,3,2.032306536438768,2.0
1340,3,2.032811334824758,2.0
1350,1,2.0288675055514434,2.0
1360,3,2.0315944158706833,2.0
1370,2,2.0328227571115973,2.0
1380,1,2.0333091962346126,2.0
1390,0,2.0330697340043136,2.0
1400,2,2.033547466095646,2.0
1410,2,2.0354358610914245,2.0
1420,0,2.0309641097818436,2.0
1430,1,2.026554856743536,2.0
1440,3,2.027758501040944,2.0
1450,3,2.0289455547898,2.0
1460,2,2.030800821355236,2.0
1470,3,2.0299116247450715,2.0
1480,3,2.0297096556380825,2.0
1490,1,2.028839704896043,2.0
1500,3,2.0253164556962027,2.0
1510,3,2.022501654533422,2.0
1520,1,2.023011176857331,2.0
1530,2,2.022860875244938,2.0
1540,2,2.024659312134977,2.0
1550,2,2.0257898130238554,2.0
1560,2,2.0269058295964126,2.0
1570,1,2.0235518777848505,2.0
1580,1,2.023402909550917,2.0
1590,1,2.0219987429289756,2.0
1600,3,2.024359775140537,2.0
1610,2,2.026070763500931,2.0
1620,3,2.0234423195558295,2.0
1630,3,2.025137952176579,2.0
1640,2,2.0262035344302256,2.0
1650,2,2.026650514839491,2.0
1660,2,2.028898254063817,2.0
1670,0,2.025733093955715,2.0
1680,2,2.02558001189768,2.0
1690,3,2.02602010644589,2.0
1700,2,2.027042915931805,2.0
1710,2,2.0286382232612508,2.0
1720,1,2.0255665310865774,2.0
1730,1,2.02368573079145,2.0
1740,3,2.022975301550833,2.0
1750,2,2.0211307824100513,2.0
1760,3,2.0238500851788754,2.0
1770,3,2.02540937323546,2.0
1780,1,2.024705221785514,2.0
1790,3,2.025683975432719,2.0
1800,3,2.0260966129927818,2.0
1810,2,2.0270568746548867,2.0
1820,2,2.027457440966502,2.0
1830,3,2.0278536318951392,2.0
1840,1,2.02607278652906,2.0
1850,3,2.025931928687196,2.0
1860,0,2.0247178936055885,2.0
1870,1,2.023516835916622,2.0
1880,0,2.0223285486443383,2.0
1890,3,2.021681649920677,2.0
1900,2,2.022093634928985,2.0
1910,3,2.0198848770277342,2.0
1920,2,2.019781363872983,2.0
1930,3,2.0212325220093215,2.0
1940,1,2.018031942297785,2.0
1950,1,2.01742696053306,2.0
1960,2,2.017338092809791,2.0
1970,3,2.0187721968543886,2.0
1980,2,2.0171630489651693,2.0
1990,2,2.015570065293822,2.0
2000,0,2.0139930034982507,2.0
2010,1,2.010939830929886,2.0
2020,3,2.0113805047006434,2.0
2030,1,2.0113244707040865,2.0
2040,3,2.0132288094071535,2.0
2050,1,2.0121891760117014,2.0
2060,2,2.013100436681223,2.0
2070,2,2.013037180106229,2.0
2080,1,2.0115329168668907,2.0
2090,2,2.012912482065997,2.0
2100,3,2.013802950975726,2.0
2110,1,2.0142112742775935,2.0
2120,2,2.0165016501650164,2.0
2130,3,2.0173627404974193,2.0
2140,2,2.0177487155534797,2.0
2150,0,2.01673640167364,2.0
2160,2,2.0161962054604348,2.0
2170,3,2.0184246890833717,2.0
2180,1,2.0183402109124255,2.0
2190,0,2.0173436786855317,2.0
2200,2,2.016356201726488,2.0
2210,1,2.014925373134328,2.0
2220,2,2.0162089149031965,2.0
2230,3,2.01344688480502,2.0
2240,3,2.0156180276662203,2.0
2250,3,2.016881386050644,2.0
2260,2,2.019018133569217,2.0
2270,3,2.02113606340819,2.0
2280,2,2.019728189390618,2.0
2290,1,2.018332605848974,2.0
2300,1,2.0182529335071706,2.0
2310,0,2.0168758113370835,2.0
2320,3,2.01723395088324,2.0
2330,2,2.0201630201630203,2.0
2340,3,2.0213583938487827,2.0
2350,2,2.0216928966397276,2.0
2360,2,2.0224481152054214,2.0
2370,2,2.023618726275833,2.0
2380,2,2.0235195296094077,2.0
2390,0,2.024675867837725,2.0
2400,0,2.0254060807996668,2.0
2410,0,2.0244711737868104,2.0
2420,0,2.024370095002065,2.0
2430,1,2.02262443438914,2.0
2440,2,2.0221220811142975,2.0
2450,1,2.022847817217462,2.0
2460,3,2.022754977651361,2.0
2470,2,2.0218535006070417,2.0
2480,2,2.0205562273276905,2.0
2490,3,2.0200722601364913,2.0
2500,2,2.019592163134746,2.0
2510,0,2.016726403823178,2.0
2520,1,2.016263387544625,2.0
2530,3,2.0161991307783484,2.0
2540,2,2.015741833923652,2.0
2550,3,2.018032144257154,2.0
2560,2,2.0191331511128467,2.0
2570,3,2.0194476857253987,2.0
2580,3,2.018209996125533,2.0
2590,2,2.0196835198764957,2.0
2600,2,2.0192233756247595,2.0
2610,3,2.0199157410953656,2.0
2620,0,2.018695154521175,2.0
2630,2,2.0190041809198025,2.0
2640,1,2.0174176448315033,2.0
2650,3,2.017729158807997,2.0
2660,0,2.0172867343104097,2.0
2670,3,2.0175964058405094,2.0
2680,2,2.0182767624020888,2.0
2690,3,2.0178372352285394,2.0
2700,2,2.017400962606442,2.0
2710,2,2.017705643673921,2.0
2720,3,2.015435501653804,2.0
2730,2,2.014646649578909,2.0
2740,1,2.0149580445093034,2.0
2750,3,2.0134496546710285,2.0
2760,3,2.012676566461427,2.0
2770,3,2.0129916997473836,2.0
2780,0,2.010068320747932,2.0
2790,0,2.008240773916159,2.0
2800,0,2.0078543377365228,2.0
2810,3,2.0060476698683742,2.0
2820,3,2.0053172633817793,2.0
2830,3,2.0056517131755562,2.0
2840,1,2.007039774727209,2.0
2850,2,2.004209049456331,2.0
2860,3,2.0059419783292554,2.0
2870,3,2.006269592476489,2.0
2880,1,2.0065949323151684,2.0
2890,2,2.0069180214458666,2.0
2900,0,2.0055153395380905,2.0
2910,1,2.0048093438680867,2.0
2920,1,2.0041081821294076,2.0
2930,1,2.0040941658137155,2.0
2940,0,2.0030601836110167,2.0
2950,3,2.0037275499830565,2.0
2960,0,2.0033772374197905,2.0
2970,1,2.003365870077415,2.0
2980,2,2.004360952700436,2.0
2990,3,2.0053493814777665,2.0
3000,2,2.003998667110963,2.0
3010,0,2.0029890401859847,2.0
3020,1,2.0009930486593843,2.0
3030,2,2.001319696469812,2.0
3040,2,1.9996711608023676,2.0
3050,1,2.000983284169125,2.0
3060,3,2.0,2.0
3070,2,1.9990231195050472,2.0
3080,1,1.999675430055177,2.0
3090,1,1.999029440310579,2.0
3100,2,1.9990325701386649,2.0
3110,1,1.9961427193828352,2.0
3120,2,1.9948734380006408,2.0
3130,3,1.9958479718939637,2.0
3140,3,1.9977714103788602,2.0
3150,0,1.998413202158045,2.0
3160,2,2.000316355583676,2.0
3170,0,1.999684642068748,2.0
3180,3,2.0,2.0
3190,3,1.9993732372297086,2.0
3200,1,1.9990627928772258,2.0
3210,3,2.000311429461227,2.0
3220,1,2.0,2.0
3230,2,1.9987619931909626,2.0
3240,0,1.9990743597655045,2.0
3250,2,1.9978468163641956,2.0
3260,1,1.9969334559950935,2.0
3270,3,1.9957199633139713,2.0
3280,0,1.9969521487351418,2.0
3290,2,1.9963536918869644,2.0
3300,2,1.9963647379581946,2.0
3310,2,1.9966777408637875,2.0
3320,1,1.9951821740439626,2.0
3330,0,1.9945962173521465,2.0
3340,2,1.9940137683328345,2.0
3350,2,1.9958221426439868,2.0
3360,2,1.995834573043737,2.0
3370,3,1.9961435775734204,2.0
3380,2,1.9952676722863059,2.0
3390,2,1.9958714243585962,2.0
3400,1,1.995589532490444,2.0
3410,2,1.9967751392553503,2.0
3420,2,1.9979538146740718,2.0
3430,3,1.9985426989215973,2.0
3440,3,1.997965707643127,2.0
3450,2,1.997971602434077,2.0
3460,3,1.999422132331696,2.0
3470,1,1.9994237971766062,2.0
3480,1,1.9979890835966676,2.0
3490,2,1.9974219421369235,2.0
3500,2,1.99685804055984,2.0
3510,3,1.9962973511819995,2.0
3520,2,1.9968758875319512,2.0
3530,1,1.9968847352024923,2.0
3540,0,1.9968935329003106,2.0
3550,3,1.9971838918614475,2.0
3560,2,1.995787700084246,2.0
3570,2,1.9952394287314479,2.0
3580,3,1.9960904775202457,2.0
3590,3,1.996101364522417,2.0
3600,3,1.9963898916967509,2.0
3610,3,1.9977845472168374,2.0
3620,3,1.9977906655619995,2.0
3630,0,1.9988983751032774,2.0
3640,1,1.9994507003570448,2.0
3650,3,1.9997261024376882,2.0
3660,1,1.9983611035236275,2.0
3670,3,1.9986379733042767,2.0
3680,1,1.9975550122249388,2.0
3690,2,1.9981034949878083,2.0
3700,1,1.9962172385841663,2.0
3710,3,1.9962274319590407,2.0
3720,2,1.9965063155065843,2.0
3730,2,1.9967837041007772,2.0
3740,3,1.995990376904571,2.0
3750,1,1.9968008531058385,2.0
3760,2,1.9970752459452272,2.0
3770,3,1.9968178202068416,2.0
3780,3,1.9965617561491669,2.0
3790,0,1.9963070429965708,2.0
3800,2,1.996316758747698,2.0
3810,1,1.9952768302282866,2.0
3820,3,1.9971211724679403,2.0
3830,3,1.996345601670582,2.0
3840,1,1.9971361624576933,2.0
3850,3,1.9966242534406649,2.0
3860,3,1.9953379953379953,2.0
3870,0,1.9935417204856627,2.0
3880,3,1.9935583612471013,2.0
3890,1,1.9930609097918273,2.0
3900,3,1.992566008715714,2.0
3910,2,1.992073638455638,2.0
3920,3,1.9936240754909462,2.0
3930,0,1.9933859068939201,2.0
3940,0,1.9926414615579802,2.0
3950,2,1.9929131865350544,2.0
3960,0,1.9921736935117396,2.0
3970,3,1.9929488793754722,2.0
3980,1,1.9924642049736248,2.0
3990,2,1.9922325231771485,2.0
4000,2,1.9935016245938515,2.0
4010,3,1.9947643979057592,2.0
4020,1,1.9957721959711514,2.0
4030,0,1.9942942197965765,2.0
4040,0,1.9950507300173224,2.0
4050,0,1.99506294742039,2.0
4060,3,1.9935976360502339,2.0
4070,1,1.9926308032424467,2.0
4080,3,1.9943641264395982,2.0
4090,1,1.9934001466634075,2.0
4100,3,1.99463545476713,2.0
4110,3,1.9929457552906835,2.0
4120,1,1.9932055326377094,2.0
4130,3,1.9920116194625999,2.0
4140,2,1.9927553730982854,2.0
4150,3,1.9910864851842929,2.0
4160,2,1.9906272530641673,2.0
4170,1,1.9904099736274274,2.0
4180,1,1.9899545563262377,2.0
4190,2,1.9909329515628729,2.0
4200,1,1.991430611759105,2.0
4210,1,1.990501068629779,2.0
4220,3,1.9909973939824686,2.0
4230,0,1.989364216497282,2.0
4240,3,1.9893892949775995,2.0
4250,3,1.9889437779346035,2.0
4260,1,1.9889697254165688,2.0
4270,2,1.9899321002107235,2.0
4280,0,1.989488437281009,2.0
4290,2,1.9897459799580517,2.0
4300,3,1.9911648453847943,2.0
4310,2,1.9909533750869868,2.0
4320,2,1.9912057394121732,2.0
4330,3,1.9921496190256291,2.0
4340,3,1.9928587882976272,2.0
4350,3,1.9928752011031947,2.0
4360,2,1.9915157074065581,2.0
4370,3,1.9924502402196294,2.0
4380,2,1.992695731568135,2.0
4390,2,1.9927123662035984,2.0
4400,1,1.9931833674164963,2.0
4410,2,1.992745409204262,2.0
4420,1,1.9918570459172134,2.0
4430,0,1.9921011058451816,2.0
4440,3,1.992344066651655,2.0
4450,0,1.9907885868344193,2.0
4460,1,1.9912575655682583,2.0
4470,3,1.9903824647729815,2.0
4480,3,1.990403927694711,2.0
4490,2,1.9908706301491872,2.0
4500,2,1.9920017773828038,2.0
4510,2,1.9926845488805143,2.0
4520,3,1.9922583499225834,2.0
4530,3,1.9920547340542927,2.0
4540,2,1.99163179916318,2.0
4550,0,1.991869918699187,2.0
4560,0,1.9914492435869326,2.0
4570,1,1.9919054911397944,2.0
4580,3,1.9914865749836281,2.0
4590,3,1.9908516663036375,2.0
4600,0,1.991740925885677,2.0
4610,2,1.9926263283452614,2.0
4620,2,1.9932914953473275,2.0
4630,1,1.9933059814294969,2.0
4640,3,1.993104934281405,2.0
4650,1,1.9924747366157816,2.0
4660,2,1.9927054280197383,2.0
4670,2,1.9927210447441661,2.0
4680,3,1.9933774834437086,2.0
4690,0,1.9938179492645491,2.0
4700,3,1.9938310997660071,2.0
4710,3,1.9949055402250053,2.0
4720,2,1.9932217750476593,2.0
4730,2,1.9928133586979497,2.0
4740,0,1.9930394431554523,2.0
4750,2,1.993475057882551,2.0
4760,3,1.9934887628649443,2.0
4770,2,1.9926640117375811,2.0
4780,2,1.9933068395733111,2.0
4790,2,1.9926946357754123,2.0
4800,2,1.9929181420537387,2.0
4810,1,1.993764290168364,2.0
4820,2,1.992740095415889,2.0
4830,3,1.9921341337197267,2.0
4840,1,1.9921503821524478,2.0
4850,3,1.992372706658421,2.0
4860,3,1.9925941164369472,2.0
4870,1,1.9924040238144118,2.0
4880,2,1.9922147101003893,2.0
4890,0,1.9914127990186057,2.0
4900,1,1.991838400326464,2.0
4910,3,1.9916513948279373,2.0
4920,2,1.9922779922779923,2.0
4930,0,1.9922936524031636,2.0
4940,1,1.9919044727787898,2.0
4950,2,1.9911129064835387,2.0
4960,3,1.9917355371900827,2.0
4970,1,1.9903439951719977,2.0
4980,3,1.9905641437462358,2.0
4990,2,1.9903826888399119,2.0
5000,1,1.9898020395920817,2.0
5010,0,1.989423268808621,2.0
5020,3,1.9896434973112926,2.0
5030,2,1.9894653150467103,2.0
5040,3,1.9880975996826027,2.0
5050,3,1.9881211641259156,2.0
5060,3,1.9891325824935784,2.0
5070,3,1.9883652139617431,2.0
5080,3,1.9897657941350129,2.0
5090,1,1.990571596935769,2.0
5100,3,1.9917663203293472,2.0
5110,3,1.9919780864801409,2.0
5120,3,1.9919937512204648,2.0
5130,1,1.9922042486844669,2.0
5140,2,1.9926084419373662,2.0
5150,3,1.9930110658124636,2.0
5160,2,1.9928308467351288,2.0
5170,1,1.9934248694643202,2.0
5180,2,1.9934375603165413,2.0
5190,1,1.993642843382778,2.0
5200,1,1.993078254181888,2.0
5210,0,1.9932834388792937,2.0
5220,3,1.9932963033901552,2.0
5230,3,1.9948384630089848,2.0
5240,1,1.9940850982636902,2.0
5250,2,1.9931441630165683,2.0
5260,2,1.9931571944497244,2.0
5270,1,1.9920318725099602,2.0
5280,2,1.9929937511834879,2.0
5290,2,1.9926289926289926,2.0
5300,2,1.992642897566497,2.0
5310,2,1.9926567501412162,2.0
5320,2,1.9921067468520954,2.0
5330,1,1.9924967173138248,2.0
5340,2,1.9925107657741996,2.0
5350,2,1.99252476172678,2.0
5360,1,1.9923521731020333,2.0
5370,3,1.992552597281698,2.0
5380,2,1.9923805984017842,2.0
5390,0,1.9914672602485624,2.0
5400,1,1.9909276059988892,2.0
5410,1,1.9911291812973573,2.0
5420,0,1.9911455451023796,2.0
5430,2,1.9907935923402689,2.0
5440,1,1.991361882006984,2.0
5450,3,1.9917446340121079,2.0
5460,2,1.9921259842519685,2.0
5470,1,1.991592030707366,2.0
5480,3,1.9914249224594052,2.0
5490,3,1.9919868876343108,2.0
5500,1,1.9914560988911107,2.0
5510,2,1.9921974233351478,2.0
5520,0,1.9925738090925558,2.0
5530,3,1.9925872355812693,2.0
5540,2,1.992600613607652,2.0
5550,0,1.9924337957124842,2.0
5560,3,1.9920877540010788,2.0
5570,2,1.992460958535272,2.0
5580,3,1.991578570148719,2.0
5590,2,1.99213020926489,2.0
5600,3,1.9925013390465989,2.0
5610,2,1.992158260559615,2.0
5620,2,1.9916384984878135,2.0
5630,2,1.9920085242408099,2.0
5640,3,1.9914908704130474,2.0
5650,2,1.9913289683241904,2.0
5660,2,1.9920508744038157,2.0
5670,2,1.9915358843237525,2.0
5680,1,1.991902834008097,2.0
5690,1,1.9917413459848885,2.0
5700,3,1.9921066479564988,2.0
5710,2,1.9921204692698302,2.0
5720,3,1.9924838314979898,2.0
5730,3,1.9931949049031583,2.0
5740,1,1.993206758404459,2.0
5750,3,1.9930446878803687,2.0
5760,1,1.9935775039055719,2.0
5770,2,1.9944550337896378,2.0
5780,2,1.9949835668569451,2.0
5790,2,1.995682956311518,2.0
5800,2,1.9955180141354938,2.0
5810,2,1.9960419893305799,2.0
5820,2,1.9960487888678922,2.0
5830,2,1.9958840679128795,2.0
5840,2,1.9964047252182846,2.0
5850,2,1.9955563151598017,2.0
5860,0,1.9950520389012114,2.0
5870,2,1.99523079543519,2.0
5880,3,1.9947287876211528,2.0
5890,3,1.99371923272789,2.0
5900,0,1.99288256227758,2.0
5910,2,1.9922178988326849,2.0
5920,3,1.9929066036142544,2.0
5930,3,1.9929185634800202,2.0
5940,3,1.992930483083656,2.0
5950,2,1.9932784405982187,2.0
5960,0,1.9922831739641,2.0
5970,2,1.9929660023446658,2.0
5980,0,1.9928105667948504,2.0
5990,1,1.9926556501418795,2.0
6000,1,1.9931678053657724,2.0
6010,1,1.9930128098486108,2.0
6020,0,1.992360073077562,2.0
6030,1,1.991543690930194,2.0
6040,1,1.9912266181095846,2.0
6050,2,1.9912411171707156,2.0
6060,2,1.9905956112852665,2.0
6070,3,1.9902816669411958,2.0
6080,3,1.9901332017760236,2.0
6090,2,1.9904777540633722,2.0
6100,1,1.9906572693001148,2.0
6110,1,1.99050891834397,2.0
6120,3,1.9906877961117464,2.0
6130,3,1.990376773772631,2.0
6140,3,1.990229604298974,2.0
6150,3,1.9912209396846041,2.0
6160,2,1.9909105664664828,2.0
6170,1,1.9902771025765678,2.0
6180,0,1.9898074745186862,2.0
6190,3,1.9906315619447585,2.0
6200,0,1.9903241412675374,2.0
6210,2,1.9898567058444694,2.0
6220,2,1.9901945024915608,2.0
6230,3,1.9902102391269458,2.0
6240,1,1.9903861560647331,2.0
6250,2,1.9900815869460886,2.0
6260,0,1.9905765852100303,2.0
6270,1,1.990591612183065,2.0
6280,1,1.9906065913071167,2.0
6290,0,1.9907804800508664,2.0
6300,3,1.9906364069195366,2.0
6310,2,1.990334336872128,2.0
6320,3,1.9908242366714128,2.0
6330,1,1.9905228241983888,2.0
6340,1,1.9906954739000158,2.0
6350,1,1.9913399464651236,2.0
6360,2,1.991196352774721,2.0
6370,3,1.9908962486265893,2.0
6380,0,1.9902836545995926,2.0
6390,2,1.990142387732749,2.0
6400,3,1.9904702390251523,2.0
6410,1,1.989705194197473,2.0
6420,1,1.9895654882417069,2.0
6430,0,1.9889597263256102,2.0
6440,3,1.9886663561558764,2.0
6450,1,1.9880638660672765,2.0
6460,1,1.9874632409843678,2.0
6470,3,1.9870190078813166,2.0
6480,3,1.9871933343619812,2.0
6490,3,1.9873671237097519,2.0
6500,1,1.9867712659590833,2.0
6510,3,1.9870987559514668,2.0
6520,2,1.9874252415273732,2.0
6530,3,1.988516306844281,2.0
6540,2,1.9889925087907048,2.0
6550,2,1.989161960006106,2.0
6560,2,1.9888736473098614,2.0
6570,3,1.9884340283061939,2.0
6580,3,1.988907460872208,2.0
6590,2,1.9886208466090123,2.0
6600,3,1.9890925617330708,2.0
6610,3,1.9897141128422327,2.0
6620,1,1.9892765443286513,2.0
6630,2,1.9895943296637009,2.0
6640,3,1.9897605782261707,2.0
6650,2,1.9900766801984664,2.0
6660,0,1.9890406845818946,2.0
6670,0,1.9886074051866287,2.0
6680,0,1.9880257446490046,2.0
6690,2,1.9881930952025109,2.0
6700,3,1.9877630204447096,2.0
6710,1,1.988079272835643,2.0
6720,1,1.988245796756435,2.0
6730,3,1.9887089585499926,2.0
6740,2,1.988577362409138,2.0
6750,1,1.9885942823285438,2.0
6760,1,1.9890548735394173,2.0
6770,1,1.9887756609068084,2.0
6780,0,1.9889396844123286,2.0
6790,3,1.9893977322927403,2.0
6800,2,1.990148507572416,2.0
6810,3,1.9901629716634854,2.0
6820,3,1.990470605483067,2.0
6830,2,1.9907773386034255,2.0
6840,3,1.991083174974419,2.0
6850,1,1.9899284775945119,2.0
6860,2,1.990380411018802,2.0
6870,0,1.989666715179741,2.0
6880,3,1.989972387734341,2.0
6890,3,1.9896967058482078,2.0
6900,2,1.9895667294594985,2.0
6910,1,1.9897265229344523,2.0
6920,2,1.9893079034821557,2.0
6930,2,1.989756167941134,2.0
6940,3,1.9899149978389281,2.0
6950,1,1.9889224572004027,2.0
6960,1,1.9889383709237178,2.0
6970,3,1.9899583990819107,2.0
6980,2,1.9901160292221745,2.0
6990,0,1.9898440852524675,2.0
7000,2,1.990144265104985,2.0
7010,1,1.9895877906147483,2.0
7020,2,1.989175331149409,2.0
7030,0,1.9890484995022044,2.0
7040,2,1.9887800028405056,2.0
7050,2,1.9883704439086654,2.0
7060,2,1.9882452910352642,2.0
7070,3,1.9889690284259651,2.0
7080,2,1.9891258296850727,2.0
7090,3,1.9887180933577775,2.0
7100,3,1.9887339811294185,2.0
7110,3,1.9895935873998032,2.0
7120,2,1.9891869119505687,2.0
7130,2,1.98948254101809,2.0
7140,3,1.9892171964710825,2.0
7150,3,1.989092434624528,2.0
7160,2,1.989247311827957,2.0
7170,2,1.9887045042532423,2.0
7180,0,1.9884417212087453,2.0
7190,3,1.9887359198998749,2.0
7200,2,1.9884738230801278,2.0
7210,2,1.9884898072389405,2.0
7220,1,1.988644232100817,2.0
7230,3,1.9881067625501314,2.0
7240,3,1.9881231874050544,2.0
7250,3,1.9880016549441457,2.0
7260,2,1.988155901390993,2.0
7270,3,1.9876220602393069,2.0
7280,1,1.9875017167971432,2.0
7290,0,1.9879303250582911,2.0
7300,3,1.9880838241336802,2.0
7310,3,1.9882369032964027,2.0
7320,3,1.9885261576287392,2.0
7330,1,1.9884054017187287,2.0
7340,2,1.98882985969214,2.0
7350,1,1.9881648755271393,2.0
7360,3,1.988588506996332,2.0
7370,3,1.9887396554063221,2.0
7380,3,1.988619428261753,2.0
7390,2,1.988093627384657,2.0
7400,2,1.988379948655587,2.0
7410,3,1.9889353663473215,2.0
7420,3,1.988950276243094,2.0
7430,2,1.9888305746198358,2.0
7440,3,1.9895175379653272,2.0
7450,3,1.990202657361428,2.0
7460,2,1.9898136978957244,2.0
7470,2,1.9895596305715433,2.0
7480,2,1.9890388985429754,2.0
7490,3,1.9895875050060072,2.0
7500,2,1.9893347553659513,2.0
7510,3,1.9897483690587139,2.0
7520,3,1.9892301555644196,2.0
7530,0,1.9887133182844243,2.0
7540,2,1.9893913274101578,2.0
7550,3,1.9894053767712885,2.0
7560,3,1.990080677159106,2.0
7570,3,1.9906221106855104,2.0
7580,3,1.9905025722200238,2.0
7590,3,1.990778553550257,2.0
7600,3,1.9906591237995002,2.0
7610,3,1.9898830639863356,2.0
7620,3,1.989502689935704,2.0
7630,1,1.989778534923339,2.0
7640,1,1.989661039131004,2.0
7650,0,1.9891517448699516,2.0
7660,3,1.9895574990210156,2.0
7670,1,1.989962195280928,2.0
7680,0,1.9898450722562167,2.0
7690,3,1.9911584969444807,2.0
7700,3,1.9916893909881834,2.0
7710,0,1.9917001685903255,2.0
7720,1,1.9913223675689677,2.0
7730,2,1.9904281464234899,2.0
7740,3,1.990311329285622,2.0
7750,1,1.99045284479422,2.0
7760,2,1.9909805437443628,2.0
7770,1,1.9913782010037318,2.0
7780,2,1.991389281583344,2.0
7790,3,1.992170453086895,2.0
7800,3,1.9923086783745674,2.0
7810,3,1.992574574318269,2.0
7820,3,1.9920726249840175,2.0
7830,3,1.9928489337249393,2.0
7840,3,1.9928580538196659,2.0
7850,3,1.992867150681442,2.0
7860,1,1.9922401730059789,2.0
7870,2,1.991868885783255,2.0
7880,2,1.9922598654993022,2.0
7890,1,1.992269674312508,2.0
7900,2,1.9917731932666751,2.0
7910,3,1.9914043736569333,2.0
7920,3,1.9915414720363591,2.0
7930,0,1.9909216996595638,2.0
7940,3,1.9916887041934266,2.0
7950,3,1.9911960759652874,2.0
7960,2,1.9913327471423188,2.0
7970,3,1.9918454397189813,2.0
7980,3,1.9918556571858164,2.0
7990,2,1.99136528594669,2.0
8000,3,1.99175103112111,2.0
8010,3,1.9916364998127574,2.0
8020,3,1.9918962722852511,2.0
8030,3,1.9921553978333957,2.0
8040,3,1.9917920656634747,2.0
8050,2,1.9921748851074401,2.0
8060,3,1.9919364843071579,2.0
8070,0,1.9908313715772519,2.0
8080,3,1.990100235119416,2.0
8090,2,1.9904832529971572,2.0
8100,1,1.9908653252684854,2.0
8110,2,1.9909998767106398,2.0
8120,3,1.99113409678611,2.0
8130,2,1.991636945025212,2.0
8140,3,1.991278712688859,2.0
8150,3,1.9915347810084651,2.0
8160,3,1.9919127557897316,2.0
8170,3,1.9913107330804063,2.0
8180,3,1.991932526585992,2.0
8190,1,1.9916982053473324,2.0
8200,3,1.9918302646018777,2.0
8210,0,1.9913530629643161,2.0
8220,2,1.9918501398856587,2.0
8230,3,1.9923460089904022,2.0
8240,1,1.9925979856813494,2.0
8250,3,1.9923645618712884,2.0
8260,3,1.9924948553443893,2.0
8270,2,1.992503929391851,2.0
8280,1,1.9922714647989372,2.0
8290,2,1.9925220118200457,2.0
8300,3,1.9924105529454283,2.0
8310,3,1.9924196847551439,2.0
8320,0,1.9925489724792693,2.0
8330,1,1.99243788260713,2.0
8340,3,1.9920872797026736,2.0
8350,1,1.991857262603281,2.0
8360,1,1.991388589881593,2.0
8370,0,1.9912794170350019,2.0
8380,2,1.990812552201408,2.0
8390,1,1.9903468001430105,2.0
8400,3,1.990239257231282,2.0
8410,3,1.9908453216026631,2.0
8420,1,1.9906186913668211,2.0
8430,1,1.9899181591744752,2.0
8440,0,1.989930103068357,2.0
8450,2,1.989705360312389,2.0
8460,3,1.9901902848363078,2.0
8470,2,1.9904379648211545,2.0
8480,2,1.989859686357741,2.0
8490,1,1.9901071723000825,2.0
8500,2,1.9897659098929539,2.0
8510,3,1.9901304194571732,2.0
8520,3,1.990024644994719,2.0
8530,1,1.989450240300082,2.0
8540,3,1.9898138391289075,2.0
8550,3,1.9893579698280903,2.0
8560,2,1.9886695479500058,2.0
8570,2,1.9885660949714152,2.0
8580,2,1.9882298100454492,2.0
8590,3,1.9889419159585613,2.0
8600,2,1.988722241599814,2.0
8610,2,1.988503077459064,2.0
8620,3,1.9888644008815684,2.0
8630,3,1.988993164175646,2.0
8640,1,1.989121629441037,2.0
8650,3,1.9891342041382498,2.0
8660,1,1.9891467497979447,2.0
8670,3,1.9895052473763117,2.0
8680,3,1.9895173367123604,2.0
8690,1,1.989299275112185,2.0
8700,1,1.9893115733823699,2.0
8710,2,1.9894386407989897,2.0
8720,2,1.9892214195619768,2.0
8730,3,1.9893482991638987,2.0
8740,1,1.9894748884566984,2.0
8750,2,1.9899440063992686,2.0
8760,0,1.9893847734276908,2.0
8770,0,1.9891688518983013,2.0
8780,3,1.9900922446190639,2.0
8790,2,1.9899897622568536,2.0
8800,3,1.9904556300420406,2.0
8810,3,1.9904664623765747,2.0
8820,0,1.9899104409930848,2.0
8830,3,1.9898086286943721,2.0
8840,1,1.9895939373374052,2.0
8850,1,1.9897186758558354,2.0
8860,0,1.9898431328292518,2.0
8870,1,1.9898545823469733,2.0
8880,3,1.9895282062830761,2.0
8890,3,1.989764930828928,2.0
8900,3,1.9903381642512077,2.0
8910,2,1.9902367859948378,2.0
8920,0,1.9903598251317116,2.0
8930,2,1.990258649647296,2.0
8940,1,1.990381389106364,2.0
8950,3,1.9906155736789186,2.0
8960,3,1.9906260462002008,2.0
8970,1,1.9903020844944823,2.0
8980,1,1.989867498051442,2.0
8990,0,1.989767545323101,2.0
9000,3,1.990001110987668,2.0
9010,3,1.989901231827766,2.0
9020,1,1.9900232790156303,2.0
9030,3,1.9899235965009412,2.0
9040,2,1.989492312797257,2.0
9050,2,1.9892829521599824,2.0
9060,2,1.989184416731045,2.0
9070,0,1.9886451328409216,2.0
9080,3,1.9885475167933047,2.0
9090,3,1.988230117698823,2.0
9100,0,1.988243050214262,2.0
9110,2,1.9882559543409066,2.0
9120,3,1.9880495559697402,2.0
9130,2,1.9887197459204906,2.0
9140,0,1.9884038945410787,2.0
9150,3,1.988416566495465,2.0
9160,1,1.987883418840738,2.0
9170,1,1.9875695125940465,2.0
9180,1,1.9869295283738155,2.0
9190,3,1.987052551408987,2.0
9200,3,1.9876100423866971,2.0
9210,1,1.9871892302681577,2.0
9220,3,1.9878538119509814,2.0
9230,3,1.98819196186762,2.0
9240,3,1.9884211665404177,2.0
9250,2,1.988217490001081,2.0
9260,2,1.9886621315192743,2.0
9270,1,1.9886743609103656,2.0
9280,1,1.988147828897748,2.0
9290,0,1.9877300613496933,2.0
9300,3,1.987958284055478,2.0
9310,3,1.9876490172913759,2.0
9320,3,1.9880914065014483,2.0
9330,3,1.988640017147144,2.0
9340,2,1.9887592334867787,2.0
9350,3,1.9889851352796493,2.0
9360,3,1.9893173806217284,2.0
9370,1,1.9896489168711984,2.0
9380,3,1.989233557190065,2.0
9390,3,1.9894579916941753,2.0
9400,2,1.988937347090735,2.0
9410,3,1.9893741366486026,2.0
9420,0,1.9888546863390297,2.0
9430,0,1.9883363376100096,2.0
9440,3,1.988560533841754,2.0
9450,0,1.9886784467252143,2.0
9460,3,1.9887961103477434,2.0
9470,3,1.988596769084574,2.0
9480,3,1.9889252188587703,2.0
9490,3,1.9889368875777051,2.0
9500,3,1.9887380275760447,2.0
9510,3,1.988960151403638,2.0
9520,3,1.9892868396176873,2.0
9530,0,1.989507921519253,2.0
9540,3,1.9893092967194215,2.0
9550,2,1.9895298921578892,2.0
9560,1,1.989436251438134,2.0
9570,3,1.9897607355553233,2.0
9580,2,1.9897714226072436,2.0
9590,0,1.9890522364716923,2.0
9600,3,1.9887511717529425,2.0
9610,0,1.988554780980127,2.0
9620,3,1.988774555659495,2.0
9630,3,1.9887862111930226,2.0
9640,3,1.9887978425474535,2.0
9650,3,1.9892239146202466,2.0
9660,3,1.9892350688334541,2.0
9670,3,1.9896598076724228,2.0
9680,3,1.9893606032434665,2.0
9690,2,1.9892683933546589,2.0
9700,2,1.989279455726214,2.0
9710,3,1.9893934713211823,2.0
9720,3,1.9887871618146282,2.0
9730,2,1.9890042133388142,2.0
9740,2,1.9888101837593677,2.0
9750,2,1.9887191057327454,2.0
9760,0,1.9889355598811598,2.0
9770,2,1.988946883635247,2.0
9780,3,1.9892649013393313,2.0
9790,3,1.9887651925237464,2.0
9800,2,1.9883685338230792,2.0
9810,3,1.9884823157680156,2.0
9820,2,1.9886976886264127,2.0
9830,3,1.9886074661784152,2.0
9840,2,1.988314195711818,2.0
9850,3,1.9887321084153893,2.0
9860,3,1.9880336679849915,2.0
9870,3,1.9883497112754533,2.0
9880,3,1.988563910535371,2.0
9890,3,1.9885754726519058,2.0
9900,2,1.9887890112109887,2.0
9910,2,1.9889012208657049,2.0
9920,0,1.9891140006047778,2.0
9930,1,1.9884200986808982,2.0
9940,3,1.9882305603058041,2.0
9950,3,1.9878404180484373,2.0
9960,2,1.987953016765385,2.0
9970,0,1.9876642262561428,2.0
9980,2,1.9878769662358482,2.0
9990,3,1.9877890101090983,2.0
